Workbook

Sheet input
A1: 항목 | B1: 입력키 | C1: 값 | D1: 단위
A2: 기준적용일 | B2: Standard application date
A3: 정격하중 | B3: payload | D3: kg
A4: 최대정원 | B4: personnel | D4: 인승
A5: 정격속도 | B5: rated_speed | D5: m/s
A6: 전동기용량 | B6: motor_power | D6: kW
A7: 정격전압 | B7: rated_voltage | D7: V
A8: 정격전류 | B8: rated_current | D8: A
A9: 카치수(폭) | B9: car_width | D9: m
A10: 카치수(안길이) | B10: car_depth | D10: m
A11: 카출입구치수(폭) | B11: car_door_width | D11: m
A12: 카출입구치수(높이) | B12: car_door_height | D12: m
A13: 매다는장치의 두께 | B13: suspension_thickness | D13: mm
A14: 매다는장치의 가닥수 | B14: suspension_strand_count | D14: 가닥
... A17: 균형추 주행안내레일 | B17: cwt_guide_rail | D17: (K(T))
A18: CAR 로프 단말처리 | B18: car_rope_terminal | C18: 체결, 압착링, 스웨이지, 기타 | D18: 선택
A19: CWT 로프 단말처리 | B19: cwt_rope_terminal | C19: 체결, 압착링, 스웨이지, 기타 | D19: 선택
A20: 공급전원 전압(건물측) | B20: supply_voltage_building | D20: V
A21: 공급전원 주파수(건물측) | B21: supply_freq_building | D21: Hz
A22: 구동기 공간 | B22: machine_space | C22: MR, MRL | D22: 선택
A23: 구동기 방식 | B23: drive_type | C23: 권상구동식, 권동식, 유압식 | D23: 선택
A24: 균형추 무게 | B24: cwt_weight | D24: kg
A25: 기계실 위치 | B25: machine_room_location | C25: 기계실 내부, 승강로 상부, 승강로 하부, 기타 | D25: 선택
A26: 기어형식 | B26: gear_type | C26: GL, WG | D26: 선택
A27: 도킹운전 | B27: docking_operation | C27: 무, 유 | D27: 선택
A28: 문개폐 방식 | B28: door_operator_type | C28: CO, SO, VO | D28: 선택
A29: 문의 동작 | B29: door_motion | C29: 동력문, 반자동 동력, 수동 | D29: 선택
A30: 보상로프(체인) | B30: compensation_rope | C30: 무, 유 | D30: 선택
A31: 보상수단 종류 | B31: compensation_type | C31: 보상체인, 보상로프 | D31: 선택
A32: 보조전원 공급장치(비상용) | B32: ups_emergency | C32: 자가, 해당없음 | D32: 선택
A33: 비상구출구 | B33: emergency_exit | C33: 천정, 카 옆 | D33: 선택
A34: 승강로 내의 기계류 작업구역 | B34: machinery_work_zone | C34: 승강로 상부, 승강로 하부, 해당없음 | D34: 선택
A35: 승강로구획 | B35: hoistway_enclosure | C35: 밀폐식, 반밀폐식 | D35: 선택
A36: 승강장문 11m 초과 | B36: landing_door_over11m | C36: 무, 유 | D36: 선택
A37: 오버밸런스 | B37: overbalance | D37: %
A38: 완충기 | B38: buffer_type | C38: 유압, 우레탄, 스프링 | D38: 선택
A39: 완충기 행정(균형추 측) | B39: buffer_stroke_cwt | D39: mm
A40: 완충기 행정(카 측) | B40: buffer_stroke_car | D40: mm
A41: 카 완충기 거리 | B41: car_buffer_distance_meas | D41: mm
A42: 균형추 완충기거리 | B42: cwt_buffer_distance | D42: mm
A43: 균형추측 최대런바이 | B43: cwt_max_runby | D43: mm
A44: 운행거리 | B44: travel_distance | D44: m
A45: 운행층수(정면) | B45: stops_front | D45: 층
A46: 운행층수(측면) | B46: stops_side | D46: 층
A47: 의도되지 않는 카 보호 | B47: unintended_car_movement_protection | C47: 이중브레이크, 로프브레이크 | D47: 선택
A48: 장애인 교통약자편의시설 | B48: accessibility_facilities | C48: 무, 유 | D48: 선택
A49: 점검문/비상용문 | B49: inspection_door | C49: 무, 유 | D49: 선택
A50: 추락방지안전장치 | B50: fall_protection | C50: 점차작동형, 즉시작동형 | D50: 선택
A51: 카 무게 | B51: car_weight | D51: kg
A52: 카출입구치수(길이:100mm 초과의 경우) | B52: car_sill_extra_length | D52: mm
A53: 풀리공간 | B53: sheave_space | C53: 무, 유 | D53: 선택
A54: 풀리실 구획 | B54: pulley_room_enclosure | C54: 무, 유 | D54: 선택
A55: 플랫폼 | B55: platform | C55: 무, 유 | D55: 선택
A56: 피트하부 사용 | B56: pit_below_use | C56: 무, 유 | D56: 선택
A57: 현수수단 | B57: suspension_means | C57: 로프, 벨트 | D57: 선택
A58: 비상운전 및 작동시험을 위한 장치 조도 | B58: em_operation_lux | D58: lx
A59: 기계실 작업공간의 바닥 면 조도 | B59: machine_room_lux | D59: lx
A60: 기계실 작업공간 간 이동 공간의 바닥면 조도 | B60: machine_access_way_lux | D60: lx
A61: 권상식 카 측 레일의 연장 길이 | B61: traction_car_rail_extension | D61: m
A62: 권상식 승강로 천장의 가장 낮은 부분과 카 지붕의 가장 높은 부분 수직거리 | B62: traction_overhead_clearance | D62: m
A63: 권상식 승강로 천장의 가장 낮은 부분과 수평거리 0.4m 이내의 부품 수직거리 | B63: traction_overhead_clearance_04m | D63: m
A64: 피트 바닥과 카의 가장 낮은 부분 사이의 유효 수직거리 | B64: pit_clearance_car_lowest | D64: m
A65: 피트 바닥과 인접한 벽에서 수평거리 0.15m 이내 부품과의 수직거리 | B65: pit_clearance_wall_015m | D65: m
A66: 피트 바닥과 주행안내 레일에서 최대 수평거리 이내 부품 수직거리 | B66: pit_clearance_rail | D66: m
A67: 피트에서 고정된 가장 높은 부분과 카의 가장 낮은 부분 유효 수직거리 | B67: pit_clearance_fixed_highest | D67: m
A68: 균형추 또는 평형추의 레일 연장길이 | B68: cwt_rail_extension | D68: m
A69: 승강장문 어린이 손끼임 방지수단 틈새 | B69: landing_door_finger_gap | D69: mm
A70: 카 지붕/피트 바닥에서 1m 떨어진 곳의 조도 | B70: car_roof_pit_lux_1m | D70: lx
A71: 카 유효면적 | B71: car_usable_area | C71: =C9*C10 -> 0 | D71: ㎡
A72: 카 조작반/카 벽에서 100mm 이상 떨어진 카 바닥 위 1m 조도 | B72: car_panel_lux | D72: lx
A73: 비상통화장치, 카 바닥 위 1m 지점 카 중심부 비상등 조도 | B73: em_light_floor_lux | D73: lx
A74: 비상통화장치, 카 지붕 바닥 위 1m 지점 카 지붕 중심부 비상등 조도 | B74: em_light_roof_lux | D74: lx
A75: 카문 어린이 손끼임 방지수단 틈새 | B75: car_door_finger_gap | D75: mm
A76: 승강장 바닥 조도 | B76: landing_floor_lux | D76: lx
A77: 매다는 장치 두께(측정값) | B77: suspension_thickness_meas | D77: mm
A78: 매다는 장치 마모율 | B78: suspension_wear rate | C78: =(C77/C13)*100 -> #DIV/0! | D78: %
A79: 브레이크 감속도(정격하중의 125% 하강방향) | B79: brake_deceleration_125 | D79: g
A80: 최대 부하에서 전류 | B80: full_load_current | D80: A
A81: 무부하 상승 속도 | B81: no_load_up_speed | D81: m/s
A82: 무부하 상승 전류 | B82: no_load_up_current | D82: A
A83: 무부하 하강 속도 | B83: no_load_down_speed | D83: m/s
A84: 무부하 하강 전류 | B84: no_load_down_current | D84: A
A85: 오버밸런스율 상승 속도 | B85: overbalance_up_speed | D85: m/s
A86: 오버밸런스율 상승 전류 | B86: overbalance_up_current | D86: A
A87: 오버밸런스율 하강 속도 | B87: overbalance_down_speed | D87: m/s
A88: 오버밸런스율 하강 전류 | B88: overbalance_down_current | D88: A
A89: 정격하중 상승 속도 | B89: rated_load_up_speed | D89: m/s
A90: 정격하중 상승 전류 | B90: rated_load_up_current | D90: A
... A98: 조명장치 절연저항 | B98: lighting_insulation_resistance | D98: ㏁

Sheet rules
A1: 항목 | B1: 입력키 | C1: 입력값 | D1: 최소값 | E1: 최대값 | F1: 단위 | G1: 적합여부
A2: 비상운전 및 작동시험을 위한 장치 조도 | B2: em_operation_lux | D2: 200 | F2: lx
A3: 기계실 작업공간의 바닥 면 조도 | B3: machine_room_lux | D3: 200 | F3: lx
A4: 기계실 작업공간 간 이동 공간의 바닥면 조도 | B4: machine_access_way_lux | D4: 50 | F4: lx
A5: 권상식 카 측 레일의 연장 길이 | B5: traction_car_rail_extension | D5: 0.1 | F5: m
A6: 권상식 승강로 천장의 가장 낮은 부분과 카 지붕의 가장 높은 부분 수직거리 | B6: traction_overhead_clearance | D6: 0.5 | F6: m
A7: 권상식 승강로 천장의 가장 낮은 부분과 수평거리 0.4m 이내의 부품 수직거리 | B7: traction_overhead_clearance_04m | D7: 0.1 | F7: m
A8: 피트 바닥과 카의 가장 낮은 부분 사이의 유효 수직거리 | B8: pit_clearance_car_lowest | D8: 0.5 | F8: m
A9: 피트 바닥과 인접한 벽에서 수평거리 0.15m 이내 부품과의 수직거리 | B9: pit_clearance_wall_015m | D9: 0.1 | F9: m
A10: 피트 바닥과 주행안내 레일에서 최대 수평거리 이내 부품 수직거리 | B10: pit_clearance_rail | D10: 0.1 | F10: m
A11: 피트에서 고정된 가장 높은 부분과 카의 가장 낮은 부분 유효 수직거리 | B11: pit_clearance_fixed_highest | D11: 0.3 | F11: m
A12: 균형추 또는 평형추의 레일 연장길이 | B12: cwt_rail_extension | D12: 0.1 | F12: m
A13: 승강장문 어린이 손끼임 방지수단 틈새 | B13: landing_door_finger_gap | E13: 5 | F13: mm
A14: 카 지붕/피트 바닥에서 1m 떨어진 곳의 조도 | B14: car_roof_pit_lux_1m | D14: 50 | F14: lx
A15: 최대정원 | B15: personnel | E15: =input!C3/75 -> 0 | F15: 인승
A16: 카 유효면적 | B16: car_usable_area | D16: =IF( BS!D1>20, 3.13 + 0.115*(BS!D1-20), XLOOKUP(BS!D1, BS!$D$2:$D$21, BS!$E$2:$E$21) ) -> #NAME? | E16: =IF( BS!A1>2500, 5 + 0.0016*(BS!A1-2500), INDEX(BS!$B$2:$B$28, MATCH(BS!A1, BS!$A$2:$A$28, 1)) + (BS!A1 - INDEX(BS!$A$2:$A$28, MATCH(BS!A1, BS!$A$2:$A$28, 1))) * (INDEX(BS!$B$2:$B$28, MATCH(BS!A1, BS!$A$2:$A$28, 1)+1) - INDEX(BS!$B$2:$B$28, MATCH(BS!A1, BS!$A$2:$A$28, 1))) / (INDEX(BS!$A$2:$A$28, MATCH(BS!A1, BS!$A$2:$A$28, 1)+1) - INDEX(BS!$A$2:$A$28, MATCH(BS!A1, BS!$A$2:$A$28, 1))) ) -> #N/A | F16: ㎡
A17: 카 조작반/카 벽에서 100mm 이상 떨어진 카 바닥 위 1m 조도 | B17: car_panel_lux | D17: 100 | F17: lx
A18: 비상통화장치, 카 바닥 위 1m 지점 카 중심부 비상등 조도 | B18: em_light_floor_lux | D18: 5 | F18: lx
A19: 비상통화장치, 카 지붕 바닥 위 1m 지점 카 지붕 중심부 비상등 조도 | B19: em_light_roof_lux | D19: 5 | F19: lx
A20: 카문 어린이 손끼임 방지수단 틈새 | B20: car_door_finger_gap | E20: 5 | F20: mm
A21: 승강장 바닥 조도 | B21: landing_floor_lux | D21: 50 | F21: lx
A22: 브레이크 감속도(정격하중의 125% 하강방향) | B22: suspension_thickness_meas | E22: 1 | F22: g
A23: 최대 부하에서 전류 | B23: full_load_current | E23: =input!C8 -> 0 | F23: A
A24: 무부하 상승 속도 | B24: no_load_up_speed | D24: =input!C5*0.92 -> 0 | E24: =input!C5*1.05 -> 0 | F24: m/s
A25: 무부하 상승 전류 | B25: no_load_up_current | E25: =input!C8 -> 0 | F25: A
A26: 무부하 하강 속도 | B26: no_load_down_speed | D26: =input!C5*0.92 -> 0 | E26: =input!C5*1.05 -> 0 | F26: m/s
A27: 무부하 하강 전류 | B27: no_load_down_current | E27: =input!C8 -> 0 | F27: A
A28: 오버밸런스율 상승 속도 | B28: overbalance_up_speed | D28: =input!C5*0.92 -> 0 | E28: =input!C5*1.05 -> 0 | F28: m/s
A29: 오버밸런스율 상승 전류 | B29: overbalance_up_current | E29: =input!C8 -> 0 | F29: A
A30: 오버밸런스율 하강 속도 | B30: overbalance_down_speed | D30: =input!C5*0.92 -> 0 | E30: =input!C5*1.05 -> 0 | F30: m/s
A31: 오버밸런스율 하강 전류 | B31: overbalance_down_current | E31: =input!C8 -> 0 | F31: A
A32: 정격하중 상승 속도 | B32: rated_load_up_speed | D32: =input!C5*0.92 -> 0 | E32: =input!C5*1.05 -> 0 | F32: m/s
A33: 정격하중 상승 전류 | B33: rated_load_up_current | E33: =input!C8 -> 0 | F33: A
A34: 정격하중 하강 속도 | B34: rated_load_down_speed | D34: =input!C5*0.92 -> 0 | E34: =input!C5*1.05 -> 0 | F34: m/s
A35: 정격하중 하강 전류 | B35: rated_load_down_current | E35: =input!C8 -> 0 | F35: A
A36: 오버밸런스율 착상 속도 | B36: overbalance_setting_speed | E36: 0.8 | F36: m/s
A37: 오버밸런스율 재착상 속도 | B37: overbalance_resettling_speed | E37: 0.3 | F37: m/s
A38: 오버밸런스율 점검운전 속도 | B38: overbalance_inspection_speed | E38: 0.63 | F38: m/s
A39: 오버밸런스율 비상운전 속도 | B39: overbalance_em_speed | E39: 0.3 | F39: m/s
A40: 전동기 절연저항 | B40: motor_insulation_resistance | D40: 1 | F40: ㏁
A41: 조명장치 절연저항 | B41: lighting_insulation_resistance | D41: 0.5 | F41: ㏁
A42: 장애인용 카치수(폭) | B42: car_width | D42: 1.6 | F42: m
A43: 장애인용 카치수(안길이) | B43: car_depth | D43: 1.35 | F43: m

Sheet rules_stand
A1: 항목 | B1: 관련 기준 | C1: 기준적용일 | D1: 기준전환일 | E1: 기준내용
A2: 승강기 번호 | B2: 5.3 | C2: 45033 | E2: ① 승강기번호 표지의 발급 a. 훼손 등의 사유로 재발급은 공단으로 신청 b. 제작 및 발송에 따른 기간 소요 적용 ② 재발급 신청 후 표지 미부착의 검사판정 a. 안전검사 시 임시번호판*의 부착 허용 * 재발급 신청 시 출력 가능 b. 승강기번호 표지의 재발급 완료 시 관리주체 (또는 신청인)는 승강기번호 표지를 부착할 것
A3: 피트 내 배수 설비 | B3: 6.1.2 | C3: 44377 | E3: ① 설치검사 시 피트 내 물을 배수할 목적의 배 수설비 설치 불가(소방구조용, 피난용 제외) ② 소방구조용 및 피난용 엘리베이터 이외 용도의 엘리베이터에도 피트 침수를 대비한 배수 관련 설비를 설치할 수 있음. 다만, 누수가 있는 경우 누수가 없도록 조치하여야 하고, 누수되는 물을 배수설비로 배수하는 것은 적합하지 않음
A4: 피트 내 배수 설비 | B4: 6.1.2 | C4: 45323 | E4: ① 레일, 완충기 등의 하중이 부과되는 위치에 집수정 설치 불가 ② 다만, 건설사와 승강기 제조사가 ①의 경우 관련법령/고시에서 명시하는 하중을 지지할 수 있음을 기술서류를 통해 증명하는 경우 허용
A5: LCD 모니터 | B5: 6.1.2 | C5: 44488 | E5: ① 신규 승강기에 설치 시 a. 제조사: 해당 기기 및 설비가 새로운 승강기 안전기준에 적합한지 증명 b. 유지관리: 승강기 제조사는 승강로 내 유선 또는 무선전송기기에 대한 사용설명서(적용범위 등) 및 품질보증서를 관리주체에 제공하고, 관리주체는 승강기 제조사 또는 유지관리업체를 통한 고장·수리 및 유지관리가 될 수 있도록 조치 ※고장또는수리시안전한작업방법(과도한 개구부발생시키지않는등)에 대해 사용 설명서에포함 ② 기존 승강기에 설치 시 a. 관리주체: 해당 기기 설치 시 안전성 등을 승강기 제조사로부터 확인을 받고 설치(해당 기기 및 설비가 새로운 승강기 안전기준에 적합한지 증명 필요) b. 유지관리: 해당 기기의 제조사는 승강로 내 유선 또는 무선전송기기에 대한 사용설명서(적용범위 등) 및 품질보증서를 관리주체에 제공하고, 관리주체는 승강기 제조사 또는 유지관리업체를 통한 고장·수리 및 유지관리가 될 수 있도록 조치 ※고장또는수리시안전한작업방법(과도한개구부발생시키지않는등)에 대해 사용설명서에포함 ★ 승강기의 JAMB 또는 삼방틀에 설치되어 승강로에 전선 등 관련설비가 있는 경우 적용되는 사항으로, 별도 건축물의 승강로 외벽에 설치되는 모니터와 전광판은 해당 없음
A6: 승강로 조명 | B6: 6.1.4.1, 6.1.5.1 | C6: 44663 | E6: ① 6.1.4.1 기준의 정의 가) 카 지붕에서 수직투영면의 1m 상부[50lx] 가),나) 사람이 서 있을 수 있는 공간, 작업구역 및 작업구역 간 이동 공간에 대한 안전 조명[50lx] 다) 승강로 전 구간에서 돌출물 또는 이동하는부품이 접근하는 등에 대한 위험의 시각적인 인지를 위한 안전조명[20lx] ★ 승강로 조명장치의 일부로 카 지붕에 조명을 추가로 고정: 카 조명과 별도로 14.1.1.1 및 14.7.1에 따라 연결된 승강로 조명의 일부 ★ 손전등과 같은 임시조명: 승강로 조명 외 전문 작업을 위해 작업면을 비추는 별도의 국부조명 ② 승강로 조명 스위치 a. 피트 출입문 및 주개폐기 근처에 각각 켜고 끌 수 있는 스위치 b. 카 상부 추가 조명장치가 설치되는 경우 카 상부에 스위치를 추가로 설치할 수 있으나 다른 승강로 조명 스위치와 동일하게 승강로 전체 조명을 켜고 끌 수 있어야 함(승강로 조명과 별도로 작동되는 조명은 승강로 조명 인정 불가) ★ 14.8.2의 추가적인 램프 정의 승강로 조명과 별도로 카 조명과 연결되어 고장 등으로 인한 승강로 조명 부재 시 대체할 수 있는 조명(승강로 조명 인정 불가) ★ 카 상부 작업등의 적용 여부 승강로 조명 라인이 결선된 카 상부 승강로 조명은 카 상부 조도 측정 시 포함되나, 카 조명 라인에 결선된 카 상부 작업등은 카 상부 조도 측정 시 적용 불가 ③ 승강로 조명 검사방법 a. 가)에 대한 검사방법 카 지붕에서 수직투영면의 1m 위치에서 승강로 및 카 위에 고정 설치된 조명의 광원을 향하여 측정(카 조명에 연결된 카 상부 작업등 제외) b. 나)에 대한 검사방법 피트 내 사람이 서 있을 수 있는 공간, 작업공간 및 작업공간간 이동통로 바닥에서 수직 위로 1m 위치에서 승강로에 고정 설치된 조명의 광원을 향하여 측정 c. 다)에 대한 검사방법 카 지붕 및 피트바닥의 1m 이상, 카 지붕에서 수직투영면 이외 공간에서 승강로에 고정 설치된 조명의 광원을 향하여 측정
A7: 피트 내 정지스위치 및 조명 점멸 수단 위치 | B7: 6.1.5.1 | C7: 45323 | E7: ① 피트 정지스위치 위치 a. 피트 깊이가 1.6m 이하인 경우 - 최하층 승강장 바닥에서 수직 위로 최소 0.4m 및 피트 바닥에서 수직 위로 최대 2m - 승강장문 안쪽 문틀에서 수평으로 최대 0.75m b. 피트 깊이가 1.6m 초과인 경우 - 상부: 최하층 승강장 바닥에서 수직 위로 최소 1m 및 승강장문 안쪽 문틀에서 수평으로 최대 0.75m - 하부: 피트 바닥에서 수직 위로 최대 1.2m 및 피난 공간에서 조작이 가능한 위치 c. 승강장문을 제외한 피트 출입문이 있는 경우 출입문 안쪽 문틀에서 수평으로 최대 0.75m 및 피트바닥에서 수직 위로 1.2m 위치에 있어야 함 ② 피트 내 조명 점멸 수단 위치 a. 피트 출입문 안쪽 문틀에서 수평으로 최대 0.75m 및 피트 출입층 바닥 위로 1m 위치에 설치
A8: 기계대 지지방법 | B8: 6.1.8.1 | C8: 45658 | E8: [설치검사(신규,교체) 시 기계대가 옹벽에 묻힌 경우] 1. 신규 설치검사 ① 기계대가 옹벽에 100 mm 이상 묻혔을 경우 : 별도의 확인서 불필요 ② 기계대가 옹벽에 100mm 미만 또는 묻히지 않았을 경우 : 구조기술사 확인서 필요 (동일한 구조의 경우 하나의 확인서 제출 가능) 2. 교체 설치검사(기계대의 이동·변경 등이 없는 경우) ① 묻힘량 확인이 불가한 경우 a. 정격하중이 종전보다 이하인 경우: 별도의 확인서 불필요 b. 정격하중이 증가되었으나 카 자중이 낮아 하중이(카 자중+정격하중) 종전보다 이하인 경우: 공인계량증명소의 계량증명서(자재 상차 사진, 하차 사진 포함) 또는 카 체대 등에 대한 부재별 무게를 계산한 중량 계산서 제출 시 인정 c. 종전보다 하중(카 자중+정격하중)이 초과한 경우: 구조기술사 확인서 필요 ② 묻힘량 확인이 가능한 경우 a. 기계대가 옹벽에 100 mm 이상 묻혔을 경우: 별도의 확인서 불필요 b. 기계대가 옹벽에 100mm 미만 또는 묻히지 않았을 경우 ㄱ. 정격하중이 종전보다 이하인 경우: 별도의 확인서 불필요 ㄴ. 정격하중이 증가되었으나 카 자중이 낮아 하중이(카 자중+정격하중) 종전보다 이하인 경우: 공인계량증명소의 계량증명서(자재 상차 사진, 하차 사진 포함) 또는 카 체대 등에 대한 부재별 무게를 계산한 중량 계산서 제출 시 인정 ㄷ. 종전보다 하중(카 자중+정격하중)이 초과한 경우: 구조기술사 확인서 필요 [검사방법] 기계대의 옹벽 묻힘량 확인(설계도면 및 현장확인 등) [표준화 적용 방안] '25. 1. 1. 이후 설치검사(신규, 교체)부터 적용
A9: 기계대 지지방법 | B9: 6.1.8.1 | C9: 45658 | E9: [설치검사(신규,교체) 시 기계대가 헌치보에 얹힌 경우] 1. 신규 설치검사 ① 지지보빔(스페이스빔)의 안전계수가 4 이상이고, 지지보빔의 벽면쪽 끝단과 벽면(구조벽 수직 연장선면)의 이격거리가 30mm 이내일 경우 : 별도의 확인서 불필요 ② 지지보빔(스페이스빔)의 벽면쪽 끝단과 벽면(구조벽 수직 연장선면)의 이격거리가 30mm 초과할 경우: 구조기술사 확인서 필요 (동일한 구조의 경우 하나의 확인서 제출 가능) 2. 교체 설치검사(기계대의 이동·변경 등이 없는 경우) ① 얹힘량 확인이 불가한 경우 a. 종전과 동일한 하중(카 자중+정격하중)이거나 이하인 경우: 별도의 확인서 불필요 b. 정격하중이 증가되었으나 카 자중이 낮아 하중이(카 자중+정격하중) 종전보다 이하인 경우: 공인계량증명소의 계량증명서(자재 상차 사진, 하차 사진 포함) 또는 카 체대 등에 대한 부재별 무게를 계산한 중량 계산서 제출 시 인정 c. 종전보다 하중(카 자중+정격하중)이 초과한경우: 구조기술사 확인서 필요 ② 얹힘량 확인이 가능한 경우 a. 지지보빔(스페이스빔)의 안전계수가 4 이상이고, 지지보빔의 벽면쪽 끝단과 벽면(구조벽 수직 연장선면)의 이격거리가 30mm 이내일 경우: 별도의 확인서 불필요 b. 지지보빔(스페이스빔)의 벽면쪽 끝단과 벽면(구조벽 수직 연장선면)의 이격거리가 30mm 초과할 경우 ㄱ. 종전과 동일한 하중(카 자중+정격하중)이거나 이하인 경우: 별도의 확인서 불필요 ㄴ. 정격하중이 증가되었으나 카 자중이 낮아 하중이(카 자중+정격하중) 종전보다 이하인 경우: 공인계량증명소의 계량증명서(자재 상차 사진, 하차 사진 포함) 또는 카 체대 등에 대한 부재별 무게를 계산한 중량 계산서 제출 시 인정 ㄷ. 종전보다 하중(카 자중+정격하중)이 초과한 경우: 구조기술사 확인서 필요 [검사방법] 기계대의 지지보빔 얹힘량 확인(설계도면 및 현장확인 등) [표준화 적용 방안] - '25. 1. 1. 이후 설치검사(신규, 교체)부터 적용
A10: 승강로 벽 | B10: 6.1.8.2 | C10: 42370 | E10: [기존 건축물에 승강로 구획하는 경우] ① 별도의 건축허가(증·개축 등)의 행정절차가 필요없는 경우 공사계약일에 따라 검사기준 적용 ② 구조강도계산서 등의 증빙 서류 제출
A11: 승강로 벽 접합유리 | B11: 6.1.8.3 | C11: 46023 | E11: 승강로 벽을 유리로 구획하는 경우 승강로 벽의 외부를 감싸는 벽면(건물 외벽 포함)의 재질은 KS L 2004에 적합한 접합유리만 사용하여야 함 ① 복층유리를 사용하는 경우 승강로 외부는 KS L 2004에 적합한 접합유리 사용 ② 사람이 접근할 수 있는 곳에 있는 평면 또는 성형된 유리판이 승강로 벽으로만 구획되는 경우에는 KS L 2004에 적합한 접합유리로 만들어져야 함 ★ 승강로 벽의 유리판 및 고정설비 강도 확인 ❶ KS 인증서- 현장에 설치된 유리에 KS L 2004 표기 ❷ 공인기관의 KS 시험성적서 및 납품확인서 (해외에서 납품 시 번역 자료 제출)- 시험성적서와 납품확인서 모델명 동일하여야 함
A12: 피트 바닥 평탄화 | B12: 6.1.9.3 | C12: 43238 | E12: 배수시설 주위에 과도한 구멍 등으로 피트바닥이 평탄하지 못한 경우 작업자의 점검이 원활하도록 커버 등으로 보완 처리
A13: 비상문 접근 통로 조명 | B13: 6.2.2 | C13: 45119 | E13: 안전기준에서 비상문으로의 접근통로의 조명은 별도 규정하지 않음
A14: 작업구역의 접근 통로 | B14: 6.2.3 | C14: 45119 | E14: [개인적인 공간 경유] ① MRL의 제어패널이 위치한 곳이 개인적인 공간을 경유하도록 설계되어 출입문의 카드키나 비밀번호를 유지관리업체에 제공하여 상시로 출입이 가능하더라도 안전기준에 부적합함 ② 개인적인 공간의 경유는 주택용 엘리베이터에 한정하여 허용
... A26: 출입문 디지털 도어록 | B26: 6.3.3 | C26: 43892 | E26: 배터리 방전 시 잠금이 유지되고 엘리베이터 안전기준에 적합한 구조인 경우 적용 가능
A27: 표시 | B27: 6.4 | C27: 42763 | E27: [기계실 출입문 경고문구] ① 경고문에 “기계실” 문구 명기되어 있고 ② “경고에 대한 문구”가 있으면 적합
A28: 에어컨 물 배수 | B28: 6.5.1.5 | C28: 45589 | E28: ① 자가증발식 에어컨: 적합 ② 에어컨 누수 또는 운행 중 상시 배수: 부적합 ③ 승강로 내부(승강로 공간, 피트 바닥 등)로 물이 흐르거나 비산하지 않는 방법 ④ 최하층에 도착 시에만 드레인 호스에서 물을 피트내 별도의 물 보관 용기로 배수
A29: 피트 내부 벽 돌출부 또는 수평 빔 | B29: 6.5.2.2.2 | C29: 45139 | E29: 피트 바닥에서 최하층 승강장에 착상한 승강기 천장까지의 승강로 공간에 승강로 내부 벽 수평 돌출부 또는 수평빔 등의 경우 카 상부 보호난간의 설치와 별도로 보호조치 하여야 함
A30: 가상 층에서의 문 열림 | B30: 6.5.3.1 | C30: 44747 | E30: 가상층이 존재하는 경우 가상층에서 정지하고 카문이 열리지 않도록 철저한 유지관리 안내(제어기판 교체 시 또는 과거 교체 이력이 있는 경우 데이터 입력값 확인)
A31: 카 출입문과 마주하는 승강로 벽의 재사용 | B31: 6.5.3.1 | C31: 44747 | E31: 기존 보호면의 재 사용·철거 등에 대해 규정하지 않음
A32: 승강장 문의 문턱 아랫부분 | B32: 6.5.3.2 | C32: 42503 | E32: [승강장문 문턱과 수직면 사이 수평거리] ① 승강장문 문턱의 돌출부분과 수직면 사이의 수평거리 〈 5mm : 적합 ② 2mm〈승강장문 문턱의 돌출부분과 수직면 사이의 수평 거리 〈 5mm : 승강장문 문턱 돌출부분의 아랫부분을 수평면에 75° 이상 모따기
A33: 승강로 하부에 위치한 공간의 보호 | B33: 6.5.4 | C33: 43559 | E33: [교체공사 시 승강로 하부 공간 보호] ① 종전 건축물로 승강기 하부에 접근이 가능한 통로가 있는 경우 a. 피트 기초 5,000N/m2의 설계 자료: 건축허가서로 갈음 b. 균형추 또는 평형추에 추락방지안전장치 설치 ② 종전 건축물로 승강기 하부에 접근이 가능한 통로가 있고, 직하부 또는 지면까지 벽이 설치되어 있는 경우 a. 피트 기초 5,000N/m2의 설계 자료: 건축허가서로 갈음 b. 균형추 또는 평형추의 추락방지안전장치 제외 가능
A34: 칸막이 | B34: 6.5.5 | C34: 45119 | E34: [균형추 주행안내레일과 승강로 벽 사이] ① 균형추 투영면적 후면과 승강로 벽까지의 거리가 0.3 m 이상인 경우 칸막이 설치 ② 후면 칸막이 설치, 접근방지수단(판) 설치, 접근 방지수단(봉) 설치
A35: 칸막이 | B35: 6.5.5 | C35: 42503 | E35: [카간 칸막이 설치] ① 수시검사 시 a. 카 교체(카 체대+카 판넬) 시 카간 칸막이 설치 대상 b. 건축구조상 설치가 불가능하고 서류로 증명 가능하다면 제외 가능 ② 설치검사 시 a. 카 지붕 모서리(카 위 작업자 공간 등)에서 인접하는 카의 움직이는 부품까지의 거리가 0.5 m 미만인 경우 전 구간 칸막이 설치 ★ 카, 균형추 또는 평형추와 연결된 부품도 엘리베이터의 움직이는 부품에 포함 (도르래 및 커버)하되, 승강로 전 구간에 걸쳐 연속적으로 이어져 있는 과속조절기 로프와 그 연결장치는 움직이는 부품에서 제외
A36: 칸막이 | B36: 6.5.5 | C36: 42503 | E36: [균형추 칸막이 설치] ① 균형추 칸막이 하부 높이는 피트 바닥에서 0.3 m 이하 ② 균형체인·로프간섭 등 부득이한 경우 완충기의 최저 이동 높이 이하
A37: 칸막이 | B37: 6.5.5 | C37: 43892 | E37: [균형추 칸막이 최저점 높이] ① 칸막이는 완전히 압축된 완충기 위에 있는 균형추 또는 가장 낮은곳에 있는 평형추의 끝단에서부터 위로 연장되어야 하며 그 연장 높이는 피트 바닥으로부터 2m 이상 ② 칸막이의 가장 낮은 부분은 피트 바닥에서 위로 0.3 m 이하 ★ 두 조건 모두 적합하여야 하므로 압축된 완충기 위치를 고려하여 칸막이 설치
A38: 칸막이 | B38: 6.5.5 | C38: 45323 | E38: [서로 다른 피트간 칸막이] ① 피트 내 작업자공간이 위험구간*이아닌 경우 칸막이 설치 제외 가능 * 피트바닥에서 카 가장 낮은 부품까지의 수직거리가 2m 이상 ② 칸막이와 벽의 거리가 0.3m 이내인 경우 서로 다른 피트간의 접근을 방지할 수 있는 거리로 판단
A39: 칸막이 | B39: 6.5.5 | C39: 43892 | E39: [여러대 있는 엘리베이터의 칸막이] ① 칸막이의 최저점은 피트바닥에서 2m 이하로 적용 ② 종전 검사기준 적용 시 칸막이의 최저점은 최하층 승강장 바닥 이하로 적용
... A71: 카문의 개방 | B71: 7.15.3 | C71: 45119 | E71: [수직개폐식 카문의 개방] ·카문 잠금장치가 설치된 경우 비상잠금해제 삼각열쇠 이외의 도구가 없어도 승강장문을 열면 카문을 열 수 있어야 함
A72: 카의 유효면적, 정격하중 및 정원 | B72: 8.2 | C72: 42763 | E72: [침대용 엘리베이터 교체공사] ① 리모델링(제어반+권상기 포함)하는 경우 현행 안전기준을 적용 ② 현행 안전기준 적용 시 정격용량이 변경되므로 건축물 구조계산, 카 체대, 가이드레일 및 지지부, 로프안전율, 권상능력 등 승강기 강도에 대한 설계서류 제출
A73: 카의 유효면적, 정격하중 및 정원 | B73: 8.2 | C73: 44855 | E73: [병원용 엘리베이터 카 크기] ① 검사판정: 카 크기 판정하지 않음 ② 안내사항: 병원용 엘리베이터 설계 시 발주처와 충분히 협의하여 해당 건축물에 사용되는 병상의 크기 이상으로 출입문 크기를 확보하는 것이 바람직함을 권고 ③ 참고: 의료시설(침상 미사용시설 제외)의 경우 피난용 엘리베이터는 출입문 폭 1,100mm, 카 폭 1,200mm, 카 깊이 2,300mm 이상
A74: 카 면적 | B74: 8.2.1.2 | C74: 45033 | E74: [카 내 용도 외 구조물 설치(진입방지봉 등)] ① 카 내 구조물 신규 설치 불가, 카 내 구조물 기 설치분 철거 ② 철거되지 않은 경우: 조건부합격 판정
A75: 카 벽의 움푹 들어간 공간 또는 확장된 공간의 정원 및 하중 적용 | B75: 8.2.1.3 | C75: 43892 | E75: ① 카 벽의 움푹 들어간 공간 또는 확장된 공간의 높이가 1m 미만이고, 최대 카 유효면적 계산에 고려된 경우에만 설치 가능 ② 해당 공간은 최대 카 유효면적 계산에 고려 ③ 분리형 문으로 보호되는 경우 사람이 탈 수 없으므로 최소 카 유효면적 계산 시 고려하지 않음
A76: 카 내부 표기 | B76: 8.2.3.2 | C76: 42763 | E76: ① 정원, 하중 등 표시 방법(레이저 등) a. 표시 방법은 규정하지 않으며, 표시 상태가 명확한 경우: 적합 b. 표시 상태가 명확하지 않은 경우: 시정권고
A77: 카 내부 표기 | B77: 8.2.3.2 | C77: 43547 | E77: ② 교체 설치하는 승강기의 정원 산정 정원은 건축법령 등 타 법령과 연관된 사항으로 교체하는 승강기의 최초 건축허가일이 '19.3.23. 전의 경우 정격하중 및 권상능력은 현행 안전기준에 모두 적합하여야 하나, 정원은 종전 검사기준에 따라 인당 65 kg로 계산하여 카 내 표시 가능
A78: 카 벽 유리 사용 | B78: 8.3.2.3 | C78: 43559 | E78: ① 카 벽에 유리가 설치된 경우 유리의 유형 및 두께 확인 ★ 개별안전인증 시 추락방지안전장치 작동 후 유리가 미끄러지지 않음을 추가 확인 ② 유리의 모든 면이 틀에 끼어져 있지 않은 경우 충격시험 공인기관 시험성적서 제출 ★ 안전인증을 받은 승강기의 경우 인증 시 충격시험이 수행되었는지 확인
A79: 에이프런 | B79: 8.5.1 | C79: 43892 | E79: [에이프런과 토가드 폭] ① 각 승강장문의 문턱 아랫부분 수직면의 폭은 카 출입구 폭에다 양쪽 모두 25mm를 더한 값 이상 ② 에이프런의 폭은 마주하는 승강장 유효 출입구의 전체 폭 이상
A80: 비상구출문 | B80: 8.6 | C80: 45224 | E80: [천장 교체 시 적용] ① 수단을 마련하는 경우 기존 비상구출문 폐쇄 가능 a. (MR) 카 상부 비상통화장치 설치 b. (MRL) - 비상통화장치+기계적 고정장치 해제 수단 및 매뉴얼 영구 비치 - 비상통화장치+비상문(1.8m × 0.5m) / 승강장문*(0.5m × 0.7m) *승강로밖으로나올수있도록 승강장문 틈새를 확보하는 경우 해당 위치에서 구동기 등 승강기부품 점검이 가능하여야함
A81: 카 지붕 미끄러짐 방지 수단 | B81: 8.7.1 | C81: 43559 | E81: ① 카 지붕의 표면에서 미끄러지지 않게 하여야 함 a. 카 지붕(부분 단면적) 끝단의 내측 모서리의 50mm 이내 제외 가능 b. 미끄럼방지 테이프를 이용하는 경우, 간격없이 부착하여야 함 ★ 전선은 미끄럼방지 수단 내에 포함되지 않도록 테두리에 둘러 구정 마감 ★ 전선이 가로질러 설치되는 경우 덕트를 포함하여 고정 마감 ② 카 지붕 위 체대에 서 있을 수 있는 경우 미끄럼방지수단 적용
A82: 카 지붕 전면부 발 보호판 | B82: 8.7.2 | C82: 43559 | E82: ① 카 지붕의 바깥쪽 가장자리에서 승강로 벽까지의 수평거리와 관계없이 카 지붕의 모서리(전면부 포함)에는 발보호판이 설치되어야 함 ② 카문 오퍼레이터의 보호커버를 발보호판으로 겸용하여 설치가능하나 끼임이 가능한 구조인 경우 부적합 판정
A83: 보호난간 | B83: 8.7.4 | C83: 42503 | E83: [카 지붕 위 보호난간 일부 구간 미설치] ① 카 지붕 위 보호난간과 승강로 벽 사이 어떤 부품(로프, 레일 등)이 있고 난간으로부터의 자유거리가 0.3 m 이내일 경우 해당구간은 보호난간을 적용하지 않음
A84: 보호난간 | B84: 8.7.4 | C84: 43182 | E84: [카 지붕 위 보호난간 일부구간 체인 적용] - 적용불가
A85: 보호난간 | B85: 8.7.4 | C85: 43182 | E85: [카 지붕 위 보호난간 중간봉 설치] ① 보호난간의 1/2 높이 지점에 중간봉 설치 ② 중간봉 사이 간격은 난간의 1/2 지점(550mm 이내)이어야 하며, 여러개 중간봉 설치 가능
A86: 보호난간 | B86: 8.7.4 | C86: 43552 | E86: [카 지붕 위 접이식 보호난간] ① 공구를 사용한 접이식 난간: 부적합 판정 / 2017-07-01 ② 카 지붕 위 접이식 보호난간 적용 불가
A87: 보호난간 | B87: 8.7.4 | C87: 43182 | E87: [카의 출입구가 2개인 경우] ·2개의 카 출입구에서 벽까지의 거리가 0.3m를 초과하는 경우: “ㅁ” 형태로 설치
A88: 보호난간 | B88: 8.7.4 | C88: 43892 | E88: [카 지붕 위 보호난간 외부 공간] 보호난간 바깥의 사다리 고정 브라켓 등을 포함하여 사람이 서 있을 수 있는 구조 및 면적에 해당하는 경우 경고 문구 부착
A89: 보호난간 | B89: 8.7.4 | C89: 43892 | E89: [보호난간과 로프 보호수단 겸용] 로프의 간섭이 없는 조건에서 보호조치 되어야 함
A90: 보호난간 | B90: 8.7.4 | C90: 45748 | E90: [카문 방향으로 설치된 카 지붕 위 보호난간] 카문 방향으로 설치된 보호난간은 작업자의 안전한 진출입을 위해 안전스위치가 설치되고 공구 없이 간단하게 탈착(회전 포함)이 될 수 있는 보호난간으로 설치하여야 하며, 강도는 엘리베이터 안전기준에 적합하여야 함 ① 보호난간이 두 곳 이상 탈착(회전 포함) 가능하도록 설치된 부분은 각각의 안전스위치가 설치되어야 함 ② 카문 방향으로 설치된 중간봉은 탈착 불필요 ③ 보호난간의 강도계산서는 안전인증 시 제출
A91: 카 지붕의 설비 | B91: 8.8 | C91: 43814 | E91: ① 카 지붕 위 점검운전 조작반 고정식으로 설치(고정식 조작반+이동식 점검운전 리모컨 부적합) ② 점검운전 조작반 내 비상통화장치 버튼 별도 설치 가능
A92: 비상등 | B92: 8.10.4 | C92: 43892 | E92: [정상 조명에 대한 해석] ·정상 조명전원이 차단되는 경우란, 건물 정전으로 조명이 차단되는 경우로 적용하며 즉시 자동으로 점등되어야 함
A93: 로프의 단말처리 | B93: 9.2 | C93: 43182 | E93: [쐐기형 소켓의 U클립 체결 방식] ① 1개 이상의 U클립 체결 a. 박음키 및 분할핀 등 부속물 체결 상태 확인 b. 포지티브 방식: 2개 이상 체결 ② 클립 새들의 체결 방향 a. 반드시 하중이 걸리지 않는 부분에 새들 방향 확인 b. 하중이 걸리는 쪽 U클립 체결 시 로프 꺾임 등으로 파단 가능성이 있으므로 부적합 판정
A94: 로프의 단말처리 | B94: 9.2 | C94: 44987 | E94: [바빗채움 방식] ① 매다는 장치의 끝부분은 바빗채움 방식 설치 불가 ② 보상수단의 균형로프 끝부분은 안전율 5 이상의 증빙서류 제출 시 사용 가능 ★ 설치검사가 아닌 경우 바빗식의 사용을 판정하지 않음
A95: 과도한 미끄러짐의 정의 | B95: 9.3.1 | C95: 43892 | E95: ·승강기 운행구간 내 종단층 근방의 정속 주행 중 검사기준에 따른 하중에서 비상정지하여 완충기에 충돌하기 전까지 미끄러지는 경우 적합 판정 ★ 감속구간이 아닌 정속구간 중 비상정지하여 미끄러짐 확인 필요
A96: 보상수단 | B96: 9.6 | C96: 43182 | E96: [보상수단의 제거] ① (종전 현장) 시정권고 ② (개정 현장) 조건부합격(보완)
A97: 보상수단 | B97: 9.6 | C97: 43182 | E97: [교체 수시검사 시 추가 설치된 보상수단] 보상수단 및 보상수단의 부속품은 영향을 받는 모든 정적인 힘에 대해 5 이상의 안전율 증명
A98: 보상수단 | B98: 9.6 | C98: 45119 | E98: [추가적인 보호조치] 추가적인 보호조치로 와이어 로프의 사용 허용
A99: 보상수단 | B99: 9.6 | C99: 45657 | E99: [보상수단의 용접허용] ① 공장용접 a. 공장에서 용접하여 인증심사 시 안전율을 만족하여 출하된 제품 사용 b. 적용: 즉시 ② 현장용접 a. 검사신청 시 아래 모든 서류 제출 - 설계도면 - 강도계산서 - 자체확인서(확인자 서명 필수) b. 적용: ~'24.12.31.까지 제조사 자체 강도계산서 제출 시 인정 : '24.12.31.이후 설치검사 시 모든 서류 제출
A100: 권상도르래의 보호수단 | B100: 9.7 | C100: 42763 | E100: [보호수단의 적용범위] ① 도르래 사이의 물체의 유입 등 위험이 존재하는 경우 보호수단 설치하여야 함 ② 인체보호를 위한 보호수단 설치하여야 함
A101: 권상도르래의 보호수단 | B101: 9.7 | C101: 43191 | E101: [카 하부 도르래 물체유입 보호수단] (티케이엘리베이터) ① '18.4. 전 검사분: 시정권고 ② '18.4. 이후 검사분: 부적합 판정
A102: 권상도르래의 보호수단 | B102: 9.7 | C102: 43182 | E102: [구동기 회전부품 상부 유효거리] ① MR: 유효 수직거리 미달 시 부적합 판정 ② MRL: 유효 수직거리 미달되더라도 보호 조치되는 경우 적합 판정
A103: 권상도르래의 보호수단 | B103: 9.7 | C103: 43182 | E103: [카 지붕 위 설치되는 과속조절기의 보호수단] 기계실, 승강로 상부공간, 피트에 위치하여 작업자 보호를 위한 보호조치 되어야 함
A104: 권상도르래의 보호수단 | B104: 9.7 | C104: 43182 | E104: [주 도르래 메쉬망 적용 여부] ① 매쉬망 구조는 규정하지 않음 ② 점검 등 유지관리를 위해 필요한 경우 떼어낼 수 있어야 함
A105: 권상도르래의 보호수단 | B105: 9.7 | C105: 43182 | E105: [보조도르래 보호수단] 로프와 풀리/체인과 스프라켓 사이의 물체유입은 로프/체인이 권상도르래 또는 풀리/스프라켓에 수평 또는 최대 90도까지 수평의 어떤 각도로 들어가고 있는 경우 요구됨
A106: 회전 부품이 보이는 구조 | B106: 9.7.2 | C106: 43892 | E106: ① 보호수단의 설치여부와 관계없이 회전방향 및 회전여부 등을 확인할 수 있으면 인정 a. 점검구가 설치된 경우: KS B ISO 13857, 표 4에 따른 구멍크기 확인 b. 보호수단에 구멍이 없는 경우: 회전하는 부품의 어느곳이던 회전방향 및 회전여부 등을 확인할 수 있으면 인정
A107: 추락방지 안전장치 | B107: 10.2.1 | C107: 45119 | E107: [균형추 추락방지안전장치가 있는 경우 균형추 측 과속조절기 스위치 미작동 판정] 주요 안전장치의 기능을 제거하거나 무효화한 경우 불합격 판정 ★ 문닫힘안전장치는 개별사안에 대한 검토에 따라 일부 허용
A108: 추락방지 안전장치 | B108: 10.2.1 | C108: 45323 | E108: [추락방지안전장치 검사방법] ① 설치검사, 정밀안전검사, 수시검사: 정격하중(또는 125%)에서 정격속도(필요한 경우 점검운전속도)로 추락방지안전장치의 작동여부 확인 ★ 추가적으로 무부하에서 점검운전속도로 추락방지안전장치의 작동여부를 확인하는 경우에도 하강방향으로 움직이는 카를 정지시킬 수 있어야 함 ② 정기검사: 무부하에서 점검운전속도로 추락방지안전장치의 작동여부 확인 ③ 승강기인증: 무부하(점검운전 속도)를 포함하여 추락방지안전장치의 작동 확인
A109: 감속도 | B109: 10.2.1.3 | C109: 42503 | E109: [감속도의 범위] ① 최대: 비상정지장치 작동 및 완충기에 정지할 때 감속도 이내 ② 최소: 자율안전확인 안전기준 엘리베이터 권상기 제동장치의 최대 제동거리는 0.05 g 상당거리 이내로 규정 ③ 설치/수시검사 시 안전기준에 따라 정격하중의 125%를 싣고 카가 정지하는지 확인하고 감속도 측정
A110: 감속도 | B110: 10.2.1.3 | C110: 43559 | E110: [상승과속방지장치 이중 설치 시 감속도] 상승과속방지장치(이중브레이크, 디스크브레이크 등)과 로프브레이크가 동시에 설치된 경우 제동 감속도(1g 이하) 관련 제조사 자체 시험성적서 제출
A111: 감속도 | B111: 10.2.1.3 | C111: 43892 | E111: [설치,수시검사 시 EL-Scan 사용] ① 감속도 측정 시 감속도 측정 장비로 측정 ② 운행거리가 짧은 승강기의 속도 측정 시 속도계로 기준 범위 내에 포함되지 않아 정밀한 측정이 필요한 경우 EL-Scan으로 측정하여 판정
A112: 감속도 | B112: 10.2.1.3 | C112: 45119 | E112: [비상정지장치 감속도 측정의 구분 필요(정밀안전검사)] ① 비상정지장치 작동 시험은 정격속도가 아닌 점검운전속도(저속)로 작동해야 함에 따라 측정되는 감속도의 신뢰도가 저하되어 측정 제외 ② 전산입력은 “0” 입력* * 전산입력 “0” - 평가서 “-”로 표시 ★ 정밀안전검사에서 비상정지장치 감속도 측정은 성능평가 항목으로 분류됨
A113: 과속조절기 로프 | B113: 10.2.2.1.3 | C113: 42763 | E113: [과속조절기 로프와 비상정지장치의 분리] ① 과속조절기 로프와 비상정지장치의 연결부 분리는 간단한 조작에 의해 분리되는 구조로 유지관리용 공구(스패너)를 사용하여 분리할 수 있어야 함 ② 과속조절기 로프와 비상정지장치 연결부 분리 시 과속조절기 로프 간 연결이 분리되어 위험상황이 발생되는 구조 불가
A114: 안전로프에 의한 작동 | B114: 10.2.2.3 | C114: 42763 | E114: [로프 또는 체인 이완감지장치 검사] ① 로프 또는 체인 이완감지장치는 로프 또는 체인이 늘어진 경우 지속적으로 감지가 유지되는 구조인지 확인 a. 로프/체인 이완감지장치가 늘어짐을 감지(설치위치 불량)하지 못하는 등 검사기준에 부적합한 경우 : 불합격 판정 b. 로프/체인 이완감지장치가 지속적으로 감지되지 않는 경우: 보완 및 조건부합격 판정 예) 이완감지장치가 처음에는 로프/체인의 늘어남을 감지하나 과도하게 늘어남에 따라 감지장치를 벗어나 지속적으로 감지되지 않는 구조 ★ 어떠한 상황에도 이완감지장치는 로프/체인의 이완을 지속적으로 감지하는 구조이어야 함
A115: 안전로프에 의한 작동 | B115: 10.2.2.3 | C115: 42763 | E115: [유압식 엘리베이터 로프 또는 체인 이완감지장치(하강밸브) 검사] ① 카의 끼임 등에 따라 로프(체인)이 이완됨을 감시하여 작동하는 장치임 ② 카의 끼임이 발생하는 경우 유압 작동유의 압력은 저감됨 ③ 이에 로프 이완 감시장치 작동 시 유압 작동유의 압력이 저감되어 수동하강 밸브 내 압력감지밸브를 작동시켜 수동하강운전을 정지시켜야 함
A116: 상승과속방지장치, 개문출발방지장치 | B116: 10.6, 10.7 | C116: 42763 | E116: [두가지 이상의 인증부품을 혼합하여 설치한 경우] ① 제원입력 방법 a. 로프브레이크와 이중브레이크가 동시에 설치된 경우 기술서류로 승인한 대상품을 제원에 입력 b. 추가 설치된 이중브레이크 또는 로프브레이크는 작동상태를 확인하여 부적합한 경우 조건부합격 판정
A117: 상승과속방지장치, 개문출발방지장치 | B117: 10.6, 10.7 | C117: 43892 | E117: ② 기준 적용: 설치검사 시 개문출발방지장치 또는 상승과속방지장치를 위해 두가지 이상의 부품이 설치되어 있는 경우 두가지 중 어느 하나임을 확인 a. 부품인증 시 두가지 부품을 하나로 안전인증 b. 승강기 안전인증(모델/개별) 설계심사 시 두가지 부품으로 인증 ★ 사용중인 승강기에 추가로 부품을 설치하는 경우 안전성평가 대상
... A126: 완충기의 정상적인 복귀 확인 장치 | B126: 12.2.2.4 | C126: 43182 | E126: [병렬형(다중) 에너지분산형 완충기] ① 각각의 완충기에는 복귀 확인스위치가 모두 설치되어 완충기의 복귀상태를 확인할 수 있어야 함 ② 스위치는 직렬로 연결되어야 함
A127: 권상기 고정 | B127: 13.1 | C127: 43182 | E127: ① 권상기는 철골이나 내력벽 위에 얹히도록 설치되어야 함 ② 철골 구조에 임의의 부재를 사용하여 용접 형태로 고정하는 경우 안전성 확인 어려움 ★ 부자재의 구조계산서 또는 구조 안전 확인서를 제출하여야 함 ③ 승강로 구조는 건축허가서로 갈음하고 있으며, 허가를 득하지 않은 구조(허가서에 포함되지 않은 구조)인 경우 승강로 구조계산서 또는 승강로 구조 안전 확인서 제출하여야 함 ④ 기계대가 철골이나 벽 위에 얹히지 않고 임의 부재로 고정하는 경우 허가를 득하지 않은 철골이나 벽으로 간주 되므로 구조기술사의 서류 등을 받아야 함
A128: 오버밸런스율 | B128: 13.2.1.3 | C128: 42503 | E128: [수시검사] ① 제어반 등 부분교체 수시검사 시 오버밸런스 측정 ② 제조사로부터 오버밸런스 설계치를 받아 설계치 이내인지 확인
A129: 오버밸런스율 | B129: 13.2.1.3 | C129: 42503 | E129: [오버밸런스 전류차] ① 기술서류: 제조업체에서 제출한 정격하중의 균형량(오버밸런스율) 및 상승/하강 전류 차에 대한 설계값 ② 현장검사: 50%의 하중을 카에 적재하고 정격속도의 상승/하강 전류 차가 설계치 범위 이내인지 확인 ③ 제원사항: OB U/D 전류차로 표시, 제조사의 설계값 입력
A130: 오버밸런스율 | B130: 13.2.1.3 | C130: 42763 | E130: [균형추 개수 표기] 균형추 수량을 균형추 프레임 하단에 표기(수량: 00EA, 날짜: 00.00.00)
A131: 오버밸런스율 | B131: 13.2.1.3 | C131: 43182 | E131: [설치(수시)검사 시 카 내 보양재 설치 및 카 바닥 마감재 미설치된 경우] ① 검사준비 a. 무게에 상응하는 자재 등을 준비 또는 설치 b. 무게와 관련된 증빙서류 제출 ② 판정: 최종 사용(적용)되는 조건 하에서 오버밸런스 세팅이 불가한 경우 보완 판정
A132: 전자-기계 브레이크 | B132: 13.2.2.2 | C132: 42503 | E132: [하중검사 실시에 따른 확인사항] ① 정격하중의 125%: 권상력 및 브레이크 제동 확인 ② 정격하중의 110%: 과부하감지장치(운행 불필요) ③ 정격하중의 100%: 설계속도 확인 ④ 정격하중의 50%: 오버밸런스 확인
A133: 전자-기계 브레이크 | B133: 13.2.2.2 | C133: 42763 | E133: [125% 분동 적재 후 상승 시 과전류 에러] ① 정격하중의 125 % 브레이크 제동력 테스트 시 최상층까지 분할 운반 가능 ② 권상능력에는 문제 없어야 함
A134: 전자-기계 브레이크 | B134: 13.2.2.2 | C134: 43182 | E134: [브레이크 제어회로 개선] (티케이: T51 SN01) ① 문제점: 엘리베이터 정상운전과 전기적 비상운전 시 브레이크 제어회로가 1개의 전기장치로 구성 ② 회로개선: 정상운전 및 비상운전에 대해 각각의 브레이크 제어회로는 2개의 전기장치로 차단할 수 있도록 별도의 전기장치를 추가 ③ 적용: 설치/수시(제어반교체)검사: 보완정기검사: '18. 10. 1. 이후 조건부합격 ④ 검사방법: 제어반 내 ‘KEBRK’ 마그네트 강제 융착 시 브레이크 개방 여부 확인 - 개방되는 경우 보완(조건부합격) 판정
A135: 비상운전 | B135: 13.2.3 | C135: 42763 | E135: [기계실 제어반 내 전기적 비상운전 스위치] 기계실 제어반 내 비상운전스위치 두 종류 설치 가능 ① 비상운전스위치 1개 설치: 승강기 운전제어와 5가지 안전장치 무효화 가능 ② 비상운전스위치 2개 설치 a. 첫 번째 스위치: 승강기 운전제어 b. 두 번째 스위치: 5가지 안전장치 무효화 ★ 첫 번째 스위치는 승강기 운전을 위한 추가 운전제어 스위치임
A136: 비상운전 | B136: 13.2.3 | C136: 43182 | E136: [수동비상운전수단 휠 구조] 카를 움직이는 수단으로 휠이 사용되는 경우 휠의 구조는 부드럽고 바퀴살이 없는 구조이어야 함
A137: 비상운전 | B137: 13.2.3 | C137: 43182 | E137: [수동비상운전수단 제거 확인 스위치] 평상시 구동기와 일체형으로 고정된 휠에 적용 ★ 일체형 고정 휠이 제거되거나 풀리는 경우 정상적인 엘리베이터 운행이 불가한 구조이므로 휠이 구동기에 재 연결되기 전까지는 전기안전장치에 의해 엘리베이터 정지
A138: 비상운전 | B138: 13.2.3 | C138: 45119 | E138: [연속되는 상하 승강장문의 문턱간 거리가 11m 초과한 경우 건축허가별 전기적 비상운전 제어의 예비전원 적용] ① 종전의 「승강기 안전검사기준」을 적용하여 검사를 받고 사용중이거나 건축허가 ('19.3.28. 이전 건축허가)가 진행중인 승강기에 대해 해당 안전기준 및 고시에 따라 전기적 비상운전을 적용할 수 있음(신규 및 교체 설치검사) ② 전기적 비상운전 제어가 적용되는 경우 정상적인 주전원 또는 예비전원으로부터 전원이 공급 a. 주전원 공급 시: 정상적인 주전원에 의한 전기적 비상운전 제어 b. 정전 시: 예비전원(무정전 전원장치, 비상발전기 등)에 의한 전기적 비상운전 제어
A139: 비상운전 | B139: 13.2.3 | C139: 45119 | E139: [비상운전 검사 중 전원 차단 후 복귀 시 승강기 운행불가] 승강기 안전검사 및 자체점검에서 발생하는 승강기 부품 손상 방지를 위해 제조사는 안전한 검사 및 점검 방법을 제시하여야 함
... A163: 패널의 덮개 | B163: 14.5.2 | C163: 43559 | E163: 주 개폐기가 위치한 패널의 덮개 개폐 시 별도의 공구가 필요한 경우 부적합 판정
A164: 로봇 탑승용 엘리베이터 무선 통신장치 | B164: 14.11 | C164: 44747 | E164: ① 엘리베이터에 탑승하는 로봇은 한국산업표준 KS B 7317에 적합해야 하고 관련된 공인기관의 안전성 평가를 받아야 함 a. 한국산업표준 KS B 7317에 부합하지 않는 로봇 엘리베이터 탑승 불가 b. 로봇 탑승용 엘리베이터 카 내부에 14.11 나)에 따른 표시가 있어야 함 c. 로봇 탑승용 엘리베이터 무선통신장치가 설치된 경우 부속서 5, 6에 따라 안전성 입증
A165: 전기고장에 대한보호; 고장분석 | B165: 15.1 | C165: 45560 | E165: [승강기에 센서나 일반 안전장치 추가 설치 시 적용] ① 신규설치 승강기 a. 안전회로에 연결: 새로운 안전기준을 제정하여 인증(부품인증·승강기인증) b. 제어회로에 연결: 승강기 인증 기술도서에 추가 기능에 대한 내용이 포함되어야 함 ② 사용중인 승강기: 공단의 안전성 평가를 받아야 함(안전회로 또는 제어회로 변경 시) ③ 공통사항: 추가기능에 대한 유지관리 매뉴얼 제공 필수
A166: 강제감속장치 미설정으로 인한 돌상 방지 | B166: 15.2.4, 15.2.5, 15.2.6 | C166: 44747 | E166: ① 정격속도 1.5 m/s 이상에서 강제감속장치를 추가로 설치하고 공장에서 데이터 설정하여 출고하는데 현장에서 설정하는 경우 미입력된 사례 발생 ② 데이터가 미 설정된 상태에서 정상 운행이 가능하여 정격속도로 최상층 또는 최하층에 충돌하는 사고 발생 a. 신규제품: 공장에서 입력하여 출고하고 현장에서 데이터 수정이 불가하도록 조치 b. 기존제품: 제조사 현장 확인
A167: 보안업체 등의 층 등록 제한 장치 | B167: 16.1.1.1 | C167: 44855 | E167: ① 보안업체 등의 관련 장치는 설치 가능하며, 해당 승강기 제조업체의 검증을 통해 등록을 제어하는 것이 바람직함 - 무선통신을 활용하지 않는 경우 보안을 위해 설치하는 층 등록 제한 장치는 안전성 평가 대상 아님 ② 소방구조용 엘리베이터의 소방운전 및 피난용 엘리베이터의 피난운전 시 관련 장치가 층 등록을 제한하지 않아야 함 ③ 장애인용 엘리베이터의 경우 층 등록을 제한하지 않는 것이 바람직하며 주무부처의 개별 법령에 따른 유권해석에 따라 적용
A168: 과부하감지장치 | B168: 16.1.2 | C168: 42763 | E168: ① 과부하감지장치 작동 시 자동 동력 작동식 문은 완전히 개방되어야 함 - 과부하감지장치 스위치 작동 중에만 문이 반전되는 경우 부적합 판정
A169: 점검운전 제어 | B169: 16.1.5 | C169: 42763 | E169: ① 기계실 제어반 내 점검운전의 설치 불가하며 전기적 비상운전 제어 설치는 가능함 ② 점검운전과 전기적 비상운전을 동시에 전환한 경우 a. 점검운전이 되는 경우: 적합 판정 b. 엘리베이터가 움직이지 않는 경우: 적합 판정 c. 전기적 비상운전이 되는 경우: 부적합 판정
A170: 전기적 재-설정 | B170: 16.1.5.2.2 | C170: 44197 | E170: [피트 리셋 장치의 작동] ① 피트 리셋 장치는 피트로 출입할 수 있는 문과 가까운 곳에 위치하여야 함 ② 피트 출입문 가까이 설치된 파킹 스위치에서만 자동운행 복귀 기능이 허용되며 다른 층에는 허용 불가 ③ 추가로 다른 층에 파킹스위치를 복수로 설치는 가능하며, 이 경우 파킹스위치 작동 위치에서 파킹 및 해제되어야 함 ★ 다른 층의 파킹스위치에서는 자동운행 복귀 허용하지 않음 ④ '21. 1. 1 이후 설치검사 시 피트 진입 층 외 기타 층에서 전기적 재-설정이 가능한 경우 보완 판정
A171: 바이패스 | B171: 16.1.8 | C171: 43892 | E171: [자동운행 중 바이패스 작동] ① 엘리베이터가 자동 상태에서 바이패스 작동 위치로 전환된 경우 엘리베이터의 정상 작동은 가능하지 않아야 함 ② 다만, 아래 사항을 모두 만족하는 경우 인정 a. 자동 운행 중 바이패스 작동 위치 전환 시 근접 층으로 이동 후 운행 정지 b. 자동 상태이나 정지되어 있고 바이패스 작동 위치 전환 시 즉시 운행 정지 ★ 자동모드에서는 바이패스 스위치 전환 시 도어단락 되지 않아야 함 ③ 바이패스 기능은 점검운전(전기적 비상운전) 스위치 및 바이패스 작동 모드가 모두 전환된 상태에서만 작동되어야 함
A172: 바이패스 | B172: 16.1.8 | C172: 45474 | E172: [비상문의 바이패스] ① 승강로(피트 포함)에 설치되는 비상문 또는 점검문, 출입문 등은 바이패스를 적용할 수 없음 ★ 해당 문의 문 닫힘을 확인하는 접점은 승강장 문의 접점 회로에 연동되지 않아야 함 ② 승강장문과 동일한 구조*로 설치되는 비상문은 유지관리를 위해 바이패스 할 경우가 발생 되므로 그 비상문 잠금장치의 접점에 한정하여 바이패스 적용 가능 * 카문의 방향으로 설치되고 카문과 연동되어 열릴 수 있는 승강장 문과 동일한 구조의 비상문 ③ 현재 승강장문과 동일한 구조가 아닌 비상문 또는 점검문, 출입문 등의 문 잠금장치가 승강장문의 접점에 연동되어 그 문이 바이패스 되는 경우 해당 승강기 제조사는 안전회로를 개선하여 변경인증을 받아야 함 ④ 검사판정: 승강장문과 동일한 구조로 설치되는 비상문 잠금장치의 접점에 한정하여 바이패스 적용 a. '24.7.1 이후 설치(신규)검사: 보완 b. '24.7.1 이후 수시(제어반 교체)검사: 보완 c. '25.1.1 이후 안전검사: 조건부합격 ⑤ 기 설치된 현장: 주의표시 부착 a. 부착기한: '24.7.1. ~ '24.8.1 (바이패스 회로 보완 완료 후 제거 가능) b. 부착위치: 제어반 내 바이패스 장치, 비상문·점검문의 내/외부, 펼치는 사다리 등 전기안전장치 근처의 보기 쉬운 위치 c. 픽토그램을 포함하는 직관적인 안내문구
A173: 정지장치 | B173: 16.1.11 | C173: 42763 | E173: [유압식 엘리베이터 카 내 도어 자동닫힘 정지스위치 설치] ① 카 내 문을 정지시키는 정지장치 또는 도어스위치를 노출형으로 설치 불가 ② 카 내 노출형 정지스위치 설치 시 아래의 사항을 모두 만족하여야 함 a. 도어 동력을 차단하는 방식이 아닌 도어 자동닫힘 신호*를 차단하는 방식 * 도어가 열린 뒤 일정시간 이후 도어 자동 닫힘 신호 b. 크리핑에 대한 보호조치가 원활하게 작동된 경우 ★ 전기적 크리핑 방지 시스템이 적용된 경우 설정시간(15분 이내)이 되면 자동으로 도어를 닫고 최하층으로 운행하여야 함 c. 카 내 스위치 근처에 ‘문을 닫으시오’ 표시
...

Sheet BS
A1: =input!C3 -> 0 | D1: =input!C4 -> 0
A2: 100 | B2: 0.37 | D2: 1 | E2: 0.28
A3: 180 | B3: 0.58 | D3: 2 | E3: 0.49
A4: 225 | B4: 0.7 | D4: 3 | E4: 0.6
A5: 300 | B5: 0.9 | D5: 4 | E5: 0.79
A6: 375 | B6: 1.1 | D6: 5 | E6: 0.98
A7: 400 | B7: 1.17 | D7: 6 | E7: 1.17
A8: 450 | B8: 1.3 | D8: 7 | E8: 1.31
A9: 525 | B9: 1.45 | D9: 8 | E9: 1.45
A10: 600 | B10: 1.6 | D10: 9 | E10: 1.59
A11: 630 | B11: 1.66 | D11: 10 | E11: 1.73
A12: 675 | B12: 1.75 | D12: 11 | E12: 1.87
A13: 750 | B13: 1.9 | D13: 12 | E13: 2.01
... A21: 1250 | B21: 2.8 | D21: 20 | E21: 3.13
A22: 1275 | B22: 2.9
A23: 1350 | B23: 3.1
A24: 1425 | B24: 3.25
A25: 1500 | B25: 3.4
A26: 1600 | B26: 3.56
A27: 2000 | B27: 4.2
A28: 2500 | B28: 5
